id,sequence,label
ALL006893,AAEFPDFYDSEEQMGPHQEAEDEKDRADQRVLTEEEKKELENLAAMDLEL,1
ALL003481,AAKFKAPALMKRTVSQECCLDTRCAGKNLDECG,1
ALL005017,AANAKLSERLDPCCRDPPCASTHTDICTRRR,1
ALL019970,AAVALLPAVLLALLAVTDQLGEDFFAVDLEAFLQEFGLLPEKE,1
ALL011001,ACGQFWWKCGEGKPPCCANFACKIGLYLCIWSP,1
ALL007148,ADDYDDEVLPDARGHRPIDRKREELPSLRPAPPPISGGGYR,1
ALL004869,ADEPLWLYKGDNIERAPTTADHPILPSIIDDVKLDPNRRYA,1
ALL016500,ADNKRPIWVMGGMVNSLAQIKEFVGLGLDNSEKDNKWYKQ,1
ALL019493,ADPRVVVDLRFFGKSDIVEENRVTFGPNPK,1
ALL007406,ADSRKPDDRYDMSGNDALGDVKLATYEDNPWETFK,1
sp|P80590|LHB1_RHOTE,AEDRKSLSGLTEQEAQEFGTLYTQGVAFVAVIAVVAHALVWAWRPWLQ,0
ALL002322,AERIYRCLDHSHCPTFMCSPGLKPKCMNPKVCKCVPVQSRKYYALT,1
ALL004006,AERLIGTSTKEFDESIRHTLVLRSLQDAYKDRQR,1
sp|P35094|LHB1_RHOAC,AEVLTSEQAEELHKHVIDGTRVFLVIAAIAHFLAFTLTPWLH,0
ALL002906,AFAGWIKCKVDEDCPNVFTYSYYKCVNELCEIFLREIPKKPYM,1
sp|P22074|CALT_CAVPO,AFAPSKVDSDRPNCSRYVQHLYMCTKELDPVCGTDGHTYGNRSIF,0
ALL017301,AFGTILKALAKIAAKVVKKLATKPGATYMLKQNLQ,1
ALL011420,AIHCNDVNDCPPDISDPFVRCESNRCIYSRLEPPFGC,1
ALL011608,AINNALNKVCSTGRRQRSICKQLLKKLRQQ,1
ALL010176,ALSCGTVNSLNAACIGYLTQNAPLARGCCTGVTNLNNMATTP,1
ALL010939,ALTKKFKKKLLKSLKRLGSDDPKESEGELRCVCVKTTSKV,1
ALL011367,ALWFTMLKKLGTMALHAGKAALGAAANTISQGT,1
sp|P30942|PHE1_RHDS2,AMDKSAKAPQITIFDHRGCSRAPKSETGGTATKDDQMMVKVSQV,0
ALL019233,ANIKLSVQMKLFKRHLKWKIIVKLNDGRELSLDA,1
ALL017843,ANLGNYTSQCYSSQCYSSKCYSDSCYSSNCYTGRHMCGYTHGYSC,1
ALL010221,APCACPCKACPCAAPCAACPCKACPCAAPCACPC,1
ALL000837,APLGWDLPESRSRASKIRVHPRGNLWATGHFM,1
ALL008457,APPGRSDVYPPPLGSEHNGQVAEDAVSRPKDDSVPEVRAA,1
ALL005986,APVTAGRGGALAKMYTRGNHWAVGHLM,1
ALL004883,AQEPVKGPVSTKPGSCPIILIRCAMLNPPNRCLKDTDCPGIKKCCEGSCG,1
sp|P85985|SPTN1_CAPHI,AQLADSFHLQQFFRSQLLGSAHEVQRLAQFVEHWKKVEDLFLTFAK,0
ALL006550,AQNVIAPNTLSNSIRMLGSQSPLIQAYG,1
ALL008850,AREPSNATQLDGPARALLLRLVQLAGTRESVDSAKPRVY,1
sp|P27328|RDRP_LSV,ARERMDEEELEAFYNCVRIIVKNKHLLKSDVRNVYEEQLD,0
sp|P83266|PRT31_HYDCO,ARRRHSMKKKRKSVRRRKTRKNQRKRKNSLGRSFKQHGFLKQPPRFRP,0
ALL019721,ARTINAQQAELDSALLAAAGFGNTTADVFDRG,1
ALL016785,ARTQPGNIAPVGDFTLYPNAPRQGHIVA,1
ALL018259,ASDVTLNSFAEDVTVGECCDCVDLTTVY,1
ALL000951,ASRKCRAKFKQLLQHYREVAAAKSSENDRLRLLLKQMCPSLDVDS,1
ALL019464,ATIEVRNNCPYTVWAASTPIGGGRRLDRGQTWVINAPRGT,1
ALL021284,ATITFTNKCTRTVWPGTLTGDQKPQLSKTGFELASGVSTRGAAPPATLIE,1
ALL000897,ATNNKATDLMALTVRGCCDDPSCRAENPFLCSWMG,1
ALL013708,ATTGCSCPQCIIFDPICASSYKNGRRGFSSGCHMRCYNRCHGTDYFQISK,1
ALL016146,ATYDGKCYKKDNICKYKAQSGKTAICKCYVKVCPRDGAKCEFDSYKGKCY,1
ALL000949,AVGIGALFLGFLGAAGSTMGARSMTLTVQARQL,1
ALL004580,AVSEHQLLHDKGKSIQDLRRRFFLHHLIAEIHTAEI,1
sp|P82169|CU051_LOCMI,AVYVASPYAAGYGYGYAYPYAAAAYRAAPVVGAYAAYPYGVATYPYYY,0
ALL008648,CADGGDLCDPSSDNCCSECIDEGGSGVCAIVADVV,1
ALL002217,CAKHSETCKNGNCCTCTQYRGKDEPMACRRGTHGQRCQCVMKIMKH,1
ALL004979,CAKKRNWCGKTEDCCCPMKCVYAWYNEQGSCQSTISALWKKC,1
ALL004172,CATCQIADSQHRSHRQMV,1
ALL003169,CETWRTETTGATGQASSLLSGRLLEQKAASCHNSYIVLCIENSFMTSFSK,1
ALL017994,CGDINAACKEDCDCCGYTTACDCYWSSSCKCREAAIVIYTAPKKKLTC,1
ALL019853,CGGKDCERRFSRSDQLKRHQRRHTGVKPFQ,1
ALL007750,CGNLSTCMLGTYTQDLNKFHTFPQTSIGVGAP,1
ALL009257,CKGQSCSSCSTKEFCLSKGSRLMYDCCTGSCCGVKTAGVT,1
ALL019202,CKITRCPMIPCYISSPDECLWMDWVTEKNINGHQAKFFACIKRSDGSC,1
ALL021290,CLLIILRRRIRKQAHAHSKNHQQQNPHQPPM,1
ALL018164,CQRANFVCDAFHHAAVCCEGVCVLVCAW,1
ALL007396,CSCSSLMDKECVYFCHLDIIWVNTPEHVVPYGLGSPRS,1
sp|P84877|SPF2_PYTHP,CSYPSKLCNNHRANVNQQRMQQKLIRQQMVER,0
ALL003060,CTPAGDACDATTECCILFCNLATKECQVPAFP,1
ALL001411,CTSEGYSCSSDSNCCKNVCCWNVCESHCRHPGKR,1
ALL016395,DAADVKPVARQNEGPGRDPAPCCQHPIETCC,1
ALL010310,DAATARGRGRSAASRPTERPRAPARSASRPRRPVD,1
ALL012963,DADSSIEKQVALLKALYGHGQLSHKRHKTDSFVGLM,1
ALL015034,DAECEICKFVIQQVEAFIESNHSQAEIQKELNKLCSSVPSITQTCLSIAR,1
ALL020974,DAEEDDSLANSSDLLKELLETGDNRERSHHQDGSDNEEEVS,1
ALL001139,DAELPKLPDDKVLIRSRSNCPKGKVWNGFDCKSPFAFSKK,1
ALL012917,DAENLMDSFQEIVKEVGQLAETQHFECTMHQPRSPLQDLKGALESLIEE,1
ALL008237,DCGTIWHYCGTDQSECCEGWKCSRQLCKYVIDW,1
ALL019810,DCKHQNDSCAEEGEECCSDLRCMTSGAGAICVT,1
ALL020008,DCLPDWFHYEGHCYRVFDEPKKWADAEKFC,1
ALL019237,DCPTRCPTTCANGWECCKGYPCVNKACSGCTHGK,1
ALL011995,DCQALWDYCPVPLLSSGDCCYGLICGPFVCIGW,1
ALL006251,DDCTTYCYGVHCCPPAFKCAASPSCKQT,1
ALL014944,DDVAARLRAAGFGAVGAGATAEETRRMLHRAFDTLA,1
sp|P0CI15|TE92_HASHE,DEEVGCFPNVCKNDGNCSIETSTGMTRCQCLEGYTGHVCENPL,0
ALL015371,DENENLYGPNENKAKAKDLTAGASYLTKEAGCTKLQAGCTMYQAYN,1
ALL021005,DFTPVCTTELGRLAPEFAKRVVFIFGPDKKLKLSILYPATTGRNFDEILR,1
ALL004639,DIPEVVVSLAWDESLAPKHPGSRKNMDCYCRIPACIAGERRYGTCIYQGR,1
ALL001225,DIQIPGIKKPTHRDIIIPNWNPNVRTQPWQRFGGNK,1
ALL006415,DKEGTLDFLECGSPHSAVPRWVFSLSCVPRCLGQENGGV,1
ALL011540,DLIWKLLSKAQEKFGKNKSRKRSKNKGFKEQAKSLLKWILD,1
sp|P04576|MIBP_PSESP,DMKIGVSMSQFDDTHLTYLQQSMDEKAKSYPDGVVLL,0
ALL018747,DNSEMLAPPPRPEEFTSAQQLRQYLAALNEYYSIMGRPRF,1
ALL017080,DPFFKVPVNKLAAAVSNFGYDLYRVRSSTSPTTN,1
ALL009897,DPTCSVLGDFKCNPGRCCSKINYCGACYQWRFGLTPAR,1
ALL009514,DQGTACTGEHAHSFCLNGGTCRHIQQLGE,1
ALL003236,DQQIKQYKRLLDRLIIPLYDGLRQKDVIVSNQESN,1
sp|P0CH89|HUGA_VESMC,DRCIWPKEGFSIYWNIPTHFCHNFGVYFKEL,0
sp|Q86QU0|KGX43_CENEX,DRDSCVDKSKCGKYGYYGQCDECCKKAGDRAGICEYYKCKCNP,0
ALL006788,DSAAMHTEYDVIATDNCIPCSHPACGINRGKC,1
ALL012471,DSDCKDKLPACGEYRGSFCKLEKVKSNCEKTCGVKC,1
ALL017275,DTDPFAFCIKDSNCGQDLCTSPNEVPECRLLKCQCIKS,1
ALL003494,DTLIGRCVWGATNYTSDCNAECKRRGYKGGHCGSFLNVNCWCE,1
ALL002121,DVAHEILNEAYRKVLDQLSARKYLQSMVARGMGENLAAAAVDDRAPLT,1
ALL020657,DVKGMKKAIKGILDCVIEKGYDKLAAKLKKVIQQLW,1
ALL004136,DVSASTTVLPDDVTAYPVGKFFQYDIWKQSTQRL,1
ALL013722,EADTSCHSFDDCPWVAHHYRECIEGLCAYRILY,1
ALL010230,ECLGFGKGCNPSNDQCCKSANLVCSRKHRWCKYEI,1
ALL007244,ECSSPDESCTYHYNCCQLYCNKEENVCLENSPEV,1
sp|P85035|PLINH_HALLA,ECTIGDSCVVHRHCRECRCPRGRAMCDREHHKPPHCSCHIH,0
ALL016744,EDIGGNCECIRDEDCFKQKRDEDCHKEYCMIFYVHKCENYKCVCAGMFN,1
ALL002244,EDMNQKLFDLRGKFKRPPLRRVRMSADAML,1
ALL013679,EEAAKKLEEAAKKLEEAAKKLEEAAKKLWASLWNWF,1
ALL010710,EEEEEEEEEAEAGEEAVPEEEGPTVVLNPHPSL,1
sp|P45407|CCMC_RHILV,EFLRPLFIMAIAFTLLFFTLHIMAMRNEIWRRRIAAQRRLAARMASREE,0
ALL012722,EGRERDHELRHRRHHHQSPKSHFELPHYPGLLAHQKPFIRKSYKCLHKRC,1
ALL019530,EILNNNQVIKELTMKYKTQFESNLGGWTARARR,1
ALL017889,EKLDIRCATVDDCPKVTKPVVMMCTGKFCHYFFVRKQIL,1
ALL002142,ELATNEIDYPQEEGALNQQDKKDGSYKMSHFRWSSPPAS,1
sp|P68352|CSN1_BRAOL,ELEALLITDNQIQARIDSHNKILYARHADQRNATFQK,0
ALL007373,ELEGEQPDGLEQVLEPDTEKADGPYRVEHFRWGNPPKD,1
ALL013825,ENICDGDYDCNPNEWWCPPNYVLKCINYQCSCIGFTPAIYALD,1
ALL007732,EPGGHRCSTDSFCPPNMCPPGMTPKCVRFRCKCVPIGWKNLSHVLA,1
ALL007321,EQERDADEEERRDDDEMDVEVEKRFLPLAVSLAANFLPKLFCKITKKC,1
ALL007457,EQPGVYTKVAEYMDWILEKTQSSDGKAQMQSPA,1
ALL015791,ERVVQNVSYIAQTQDQFTHLFRNINNRLNVLHRRVS,1
ALL018550,ESEFDRQEYEECKRQCMQLETSGQMRRCVSQCDKRFEEDIDWSKYDNQE,1
ALL012658,ESVVINCTRPNNNTRRRLSIGPGRAFYARRNIIGDIRQAHCNIS,1
ALL001041,ETESTPDYLKNIQQQLEEYTKNFNTQVQNAFDSDKIKSEVNNFIESLGKI,1
sp|P09674|RDRP_BPBZ1,ETLSSARFRCKPNSEWRTQIPLFPQEVEACVLS,0
ALL002500,EVDWIYHLCDTDTDCPEHWSKFFIYKCVNHVCDSISKVTTDSKEYKNFP,1
ALL004710,FATGMPCKTDKECPNTSTHKYKCINDDCFCFYIYWPLGNSLV,1
ALL004597,FCGQACSSVKCPKKCFCHPEEKVCYREMRTKERD,1
ALL010863,FDISCDKDNKRFALLGDFFRKSKEKIGKEFKRIVQRIKDFLRNLVPRTES,1
ALL002773,FDITKLNIKKLTKATCKVISKGASMCKVLFDKKK,1
ALL021097,FESKILNASKELDKEKKVNTALSFNSHQDFAKAYQNGKI,1
ALL010147,FFGSSIPSILLIVSDRIPCIDDMDCPDMFPSLNTQCIDNFCDVVLGYN,1
ALL004603,FHFFHHFFHFFHHFKLLK,1
ALL019839,FKTWKRPPFQTSCWGIIK,1
ALL008246,FLIFIRVICIVIAKLKANLMCKT,1
sp|P84577|HSP90_POPEU,FLSVTEPSLLGDGGDLEIRVFISDDFDGELFPRGVVDSDDLPLNVSR,0
ALL002512,FNAPFDVGIKLSGVQYQQHSQAL,1
ALL006610,FNKLKQGSSKRTCAKCFRKIMPSVHELDERRRGANRWAAGFRKCVSSICR,1
ALL016582,FQKPFTGEEVEDFQDDDEIPTII,1
ALL005398,FRCLRNLDCPDSMCSSAYTPRCRHRTCVCLNNDEIKIL,1
ALL003240,FRGLAKLLKIGLKSFARVLKKILPKAAKAGKSLAKSLADENAIRQQNQ,1
ALL015976,FRVPLRIRPCVVAPRLVMVRHTFGRIARWVAGPLETR,1
ALL001780,FVAPFPEVFGKEKVNELSKDIGSE,1
ALL020950,FWNWLSAWIKKTYEEIKKTYEEIKKTYEEIERDWEMV,1
ALL017090,FYEIIMDIEQNNVQGKKGLQQLQKWEDWVNGWIGNI,1
ALL001418,GASLSSPAESSGSPQRRGLSAPSSRQIPAPQGAVLVQREKDLPNYNW,1
ALL000058,GCGGLMAGCDGKSTFCCSGYNCSPTWKWCVYARP,1
ALL005340,GCIEDKKYCGILPFANSGVCCSYLCIFVCVPKAP,1
ALL014225,GCKGFLVKCDSNSECCKTAIVKGKKKQLSCLCGAWGAGCSCSFRCGNRC,1
ALL006794,GCVGHRKSCEHDKKNGCCYFMTCNCWHPMGQ,1
ALL013876,GDAQTIQEVFEMFALDSDGCCWHPACGRHYC,1
ALL007622,GDSGVDAYVSRSGRGECRRQCLRRHEGQPWETQECMRRCRRRG,1
ALL003732,GDVYADAAPDLFDFLDSSVTTARTINA,1
sp|P02882|MONB_DIOCU,GEWEIIDIGPFTQNLGKFAVDEENKIGQYGRLTFNKVIRPCMKKTIYEEN,0
ALL014904,GFDVTIEPIAQDKYFLVDSKQIREYRG,1
sp|P86001|PER3_CAPAN,GFEVIDNIKDSVVILGGPNWNVKMGDIRPLTGSNGEIRFDNNYFK,0
ALL009139,GFFALIAKIISSPLFKTLLSAVGSALSSSGEQE,1
ALL000510,GFKLKGMARISCLPNGQWSNFPPKCIRECAMV,1
ALL008376,GGAPATSANAAGAAAIVGALAGIPGGPLGVVVGAVSAGLTTGIGSTVGSG,1
ALL005717,GGLRSLGRKILRAWKKYGPQATPATR,1
ALL003313,GHFGVYTRVSQYIEWLQKLMRSEPRPGVLLRAPFP,1
ALL004053,GIFFSRKCKTPSKTFKGYCTRDSNCDTSCRYEGYPAGD,1
ALL005450,GIGDPVTCLKSGAICHPVFCPRRYKQIGTCGLPGTTCCKKP,1
ALL001175,GIGKFLHSAKKFGKAFVGEIMNSGGKKWKMRRNQFWVKVQRG,1
ALL011338,GIGTAQCAYFKALCYSGGSEWLGGYGGCGSTQNNCELARKYC,1
ALL019715,GILLVDSQQALECCALSSQWGSGNNGIHHQA,1
ALL001403,GILSTLKQFGKAAVKGVAQSLLNTASCKLAKTC,1
ALL019816,GITPDCTFNEKDIELHVYSRDKRNGIILKKEILKNYDLFKES,1
ALL003065,GKRGDSFRKREFFRTNGERYPEDAAAWTEFQ,1
ALL019929,GKYGIYTKVTAFLKWIDRSMKTRGLPKAKSHAPEVITSSPLK,1
ALL017274,GLFEAIEGFIENGWEGMIDGWYGGGGRRRRRRRRRK,1
ALL010922,GLFIIDDKQITMNDLPVGRSVDETLRLVQAFQYTDK,1
ALL013854,GLGDKFGESIVNANTVLDDLNSRMPQSRHDIQQL,1
ALL013696,GLIKPGTLWCGMGNNAETYDQLGPFADVDSCK,1
ALL011873,GLKLRFEFSKIKGEFLKTPEVRFRDIKLKDNRISVQR,1
ALL006354,GLLSVLLGSVAKHVLPHVVPVIAEHL,1
ALL010226,GLVRKGGEKFGEKLRKIGQKIKEFFQKLALEI,1
ALL020216,GLWEDILYSLNIIKHNNTKGLHHPIQL,1
ALL002059,GMWDECCDDPPCRQNNMEHCPAS,1
ALL012100,GMWGDCDDWLAACTTPSQCCTEVCDGFCRLWE,1
ALL004794,GPLPIPIVVNFNKLRKKISNRFKKLRKRLKKGFGRK,1
ALL015465,GQRPVPFKIKFNRLTNRIDDGLKTAKRKLSEWLGRK,1
ALL015737,GRECHANSHCVGKITCVLPQKPECWNYACVCYDSNKYR,1
ALL004719,GRKKRRQRRRPPQGRKKRRQRRRPPQGRKKRRQRRRPPQ,1
ALL019086,GRRRRSVQWCAVSQPEATKCFQWQRNMRRVRGPPVSCIKRDSPIQCI,1
ALL012655,GRYTTPWCVRDIDCPKEKCKHPFKPRCLTHSCVCRLWGSQDVI,1
ALL000218,GSASHHRRQLGLQGPQHFIADLSKKERPRMEEEEEAYGWMDF,1
ALL001218,GSGVSNGGTEMIQLSHIRERQRYWAQDNLRRRFLEK,1
ALL006008,GSSFLSPEHQKAQQRKESKKPPAKLQPR,1
ALL019763,GSYPQFMAPGLVLHITGTTRIGTDDQTSVADPTSK,1
ALL011542,GTGNIRQSCEFDVDCENKYCPPSHDGKCVWE,1
ALL007302,GTSEKERESGRLLGVVKRLIVCFRSPFP,1
ALL010865,GVLSGIMSNLGTVGNMVGGFCCTVYSGCCSE,1
ALL012807,GWLDVAKKIGKAAFNVAKNFLSPACERLFNKAVNFAAKGIKKAVDLWG,1
ALL016349,GWTLNSAGYLLGPHAVGNHRSFSDKNGLTS,1
ALL005210,GYGYGYGYGYGYGYGYKKRKKRKKRKKRKQQKQQKRRK,1
ALL020829,GYPEEKKEEEGSANRRPEDQELESLSAIEAELEKVAHQLQALRR,1
ALL006961,HADAIFTSSYRRILGQLYARKLLHEIMNRQQGERNQEQRSRFN,1
ALL000307,HADGSFSDEMNTILDNLAARDFINWLIQTKITD,1
ALL008953,HADGVFTSDFSKLLGQLSAKKYLESLMGKRVSSNISEDPVPV,1
ALL008698,HALQDTEENPRSFPASQTEAHEDPDEMNED,1
ALL000016,HEHEHEHEHEHEHEHEHEHEHEHEEFGGGGGYGRRRRRRGGGGGG,1
ALL001061,HHHHHHTKRRITPKDVIDVRSVTTEINT,1
ALL018713,HRFLIYNNCKNDTECPNDCGPHEQAKCILYACYCVE,1
ALL014886,HSDAVFTDNYTALRKQMAVKKYLNSILNYGRKKRRQRRR,1
ALL006808,HVGGDECNINEHRSLVAIFVFTEFF,1
ALL013303,HVTCFYVKFGCKHTECITTIVFCWQTASDISSV,1
ALL011619,IDPPRYCNHIICYEDSECSQWCTAGCNSITSKCDT,1
sp|P19122|LALBA_MACGI,IDYRKCQASQILKEHGMDKVIPLPELVCTMFHISGLSPQAEV,0
ALL005294,IEKTNEKFHQIEKEFSEVEGRIQDLEKY,1
sp|P83437|COG5_BOVIN,IGALQGAVDRVLTQPTQSIVRNVAVVNSLYK,0
ALL003799,IHVQGHLQEVDAGNFIPP,1
ALL000604,IKCLQGNNNCHIQKCPWFLLQVSTCYKGKGRCCQK,1
ALL008133,IKIFTEHRCRTDADCPARELPEYLKCQGGMCRLLIKKD,1
sp|P85950|IFRH2_PSEMZ,ILIIGGTGYIGRKVDVVISAVKFLPSEFGNDVDRVVFVKEEDIGTFTIK,0
ALL020608,ILNKKPKLPLWKLGKNYFRRFYVLPTFLA,1
ALL014687,IRDKCFRPSDCPPSMYCDAGFQIGCVRKICTCLRILAPIDFVPT,1
ALL009995,IRLPEPFRFPSPTVPKPIDIDPILPHPWSPRQTYPIIARR,1
ALL014070,IVAVLHSSEGVAGTITFIADSQIPLTGPNSI,1
ALL021334,IVHVTAKDKGTGKENTIRIQEGSGLSKEDIDRMIKDAEAH,1
ALL011920,IVLSLDVPIGLLQILLEQARARAAREQATTNARILARVGHC,1
ALL005167,IWDAIFHGAKHFLHRLVNPGGKDAVKDVQQK,1
ALL009563,IWNHGNLTLGEWYNQTKDLQQKFYEIITMDIEQNNV,1
ALL014184,IYSFDGRDIMTDPSWPQKVIWHGSSPHGVRLVDNYCEAWRTA,1
ALL004659,KAESKYRKATGQAPIKEVMTPTNMNDTNDLG,1
sp|P37138|LIM2B_XENLA,KAKQLETLKAAFAATPKPTRHIREQLAQETGLNMRVIQV,0
ALL001377,KASSSAPKGWTHHGSRFTFHRGSM,1
sp|P25430|BDNF_RAJCL,KCNPKGFTNEGCRGIDKKHWNSQCRTSQSYVRALTMDSRKKIG,0
ALL013869,KDDCLVDADCVTLVCEFDERPQCVINTCRCRPLRFSGFYYEQLH,1
ALL020085,KDGCKTNFDCLIKYPDHNEDILQCIGGHCLCLTN,1
ALL003704,KECMVDGTVCYIHNHNDCCGSCLCLNGPIARPWKMMVGNCKCGPKA,1
ALL013521,KGATYITYVNFLNELRVKTKPEGNSHGIPSLRK,1
ALL001420,KGCLPRNRFCNALSGPRCCSGLRCKELSIWASKCL,1
ALL017514,KGRTPIKFGKADCDRPPKHSQNGMGK,1
ALL012756,KGSKKAVTKAQKKDGKKRKRSRKESYSVYVYKVLKQ,1
ALL013231,KHAVIKWSIKSSVKFKISTAFKATTI,1
ALL019981,KKKFPWWWPFKKKCKKKFPWWWPFKKKC,1
ALL002307,KKKKKKGGFLGFWRGENGRKTRSAYERMCNILKGK,1
ALL015897,KKKRYIECETHEDCSQVFMPPFVMRCVIHECKIFNGEHLRY,1
ALL007196,KLIQIRIWIQYVTVLQMFSMKTKQ,1
ALL009837,KLTFIQSTAAGDLYYNTNTHKYVYQQTQNAFGAAANTIVNGWMGGAAGGF,1
ALL008485,KNECLWTDMLSNFGYPGYQSKHYACIRQKG,1
ALL015898,KNEPEPKFIECVTDADCLNSQSKMYALICEKNRCIYEFLKSMHYNLS,1
ALL014611,KPHRYRPGTVALRSTELLIRKLPFQREIAQDFKTDLRDIQLAR,1
ALL007748,KQTNIPCENKRDCPQPLYPKFVTCFEGLCRMHYPLKKI,1
ALL005906,KRFHSVGSLIQRHQQMIRDKSEATRHGIRIITRPKLLLA,1
ALL002743,KRGLWESLKRKATKLGDDIRNTLRNFKIKFPVPRQ,1
ALL008257,KRKRKRKCRKRKRRCRKRKCKRKRKRKRKCRKRKRKCCRRKK,1
ALL015858,KRPGNKTVVPITLMSGLVFHSQPINRPRQAW,1
ALL013709,KRRIRRERNKMAAAKSRNRRRELTDTGC,1
ALL018733,KSYGPCTTLQDCETHNWFEVCSCIDFECKCWSLL,1
ALL014228,KTFLMAEYIKCDTDADCPIVIHHSFYKCIDNLCKRFRRQKHLV,1
ALL012430,KTQFLPNYYEFYHCYNHSDCQGSMCPTGSKPKCVDQVCECILIRM,1
ALL010911,KTYYGTNGVHCTKKSLWGKVRLKNVIPGTLCRKQSLPIKQDLKILLGWAT,1
ALL012009,KVPAYCKLPPDSGPCKGHFPAFYYDPVSSYCQKFI,1
ALL016355,KVVHLRPRSSFSSEDEYQIYLRNVSKYIQLYGRPRF,1
ALL001208,KWFNEKSIQNKIDEKIGKNFLGGMAKAVVHKLAKNEFMCVANVDMTKSCD,1
ALL005123,LADDMPATMADQEVYRPEPEQIDSRNKYFSPRL,1
ALL011900,LAVFLHGVQIGGSRIKQDARSVRKYDRIGIFFYSFKSA,1
ALL010134,LCLDQKPEMEPFRKDAQQALEPSRQRRWLHRRCLSGRGFCRAICSIFEEP,1
ALL009626,LCSREGEFCYKLRKCCAGFYCKAFVLHCYRN,1
ALL003356,LDDGVMDASTCWKILGHCRKVCYKNEMQIGSCPAPKNMCCIYQPITRDD,1
ALL006548,LDKRKCFPKNHFCGFVVMLNYLCCSGRCIFVCV,1
ALL016634,LEAIPCSIPPEFLFGKPFVFLEAIPCSIPPEFLFGKPFVF,1
sp|P83357|CU10_LIMPO,LGEKGYSYSTGDSSVTVQHDTLPYSRYQGLYNYAHPGYNTYPYNQYQG,0
sp|P84984|GSTF2_POPEU,LGKLLDVYESRLLDVYESRVLDIYESRLGKVLDIYESR,0
ALL007096,LGLTAGVAYAAQPTNQPTNQPTNQPTNQPTNQPTNQPRW,1
ALL014507,LGSFLKGVGTTLASVGKVVSDQFGKLLQAGQG,1
ALL006148,LILILILILILILILIKRKKRKKRKKRKKRAKRAKHSK,1
ALL011391,LIVSETNPTQVVAALLRNLNTSNDELVVAK,1
ALL007948,LKKCITFEDCPISKTRVYKCLHGECRYTIPYIPKVPKVK,1
ALL019306,LKVDLWGTRSGIQPEQHSSGKSDVRRWRSRY,1
ALL003049,LKVIIPSSTCDSDYDCLRYEEALNVITCCNNGLCVMFCPDFD,1
ALL005135,LKYTTDQTNIVSINSDGQVTAEAQGIATVKATVGNMSDTITINVEA,1
ALL016901,LLDNFESTWEQSKELWEQQEISIQNLHKSALQEYWN,1
ALL017337,LLETLLKPFQCRICMRNFSTRQARRNHRRRHRR,1
ALL021384,LLLLLLLCLLLLLLCLLLLCLLLLLLLLLCLLLLLLCCLL,1
ALL011082,LNKQRENHKEKIKEHTEIIGHIEEKIENILYIPEEEEYNRDLPF,1
sp|P85906|AAT1_PSEMZ,LNLGVGAYREYLPIEGLAAFNKVATVQGLSGTGSLRQALYDSISSK,0
sp|P81494|CATB_COTJA,LPDTFDSRKQWPNCPTISEIRDQGSVSVEVSAEDLLSCCGFECGMGCN,0
ALL013432,LPKTLRKFFARIRGGRAAVLNALGKEEQIGRASNSGRKCARKKK,1
ALL010723,LPRLLRLDSRMATVDFPKKDPTTSLGRPFFLFRPRN,1
sp|Q56462|MAUR_PARVE,LQVSRDVWLLSQPHLRDDHHAKQLSDWCVSLFAARSP,0
ALL009636,LREWEAGVTDTYGMPQPTFHVKRTNADGDRDQRMMNDMTNVANMLGGYLP,1
ALL015381,LSNLLQISNNSDEWLEALEIEHEKWKLTQWQSYEQF,1
ALL019786,LSSSEESTRINKKIEKFQSEEQQQYEDELQDKIHPFAQTQSLVYPFPGPI,1
ALL019358,LSSTCILVLVKDILVLVVKEILVLVVKDKPI,1
ALL011948,LTWPLFLWYTIRNDKKGVLKAMLERIKGMLRKIRLANGLATA,1
ALL015408,LVAYGIAQGTAEKVVSLINAGLTVGSIISILGGVTVGLSGVFTAVKAAIA,1
ALL018156,LVIIDHHKPCVSDTDCAFYLDIPPTVKYCSDGLCAWYFPDNPLP,1
ALL020257,LVKKAFSKITEGFIEKPQGKLTLATESDKRPAIKQSAEDDFDKL,1
ALL017103,LVPRGSRAGSPSGGPFCALARQPLTGARLMSGLFFALHET,1
ALL019886,LVQRGRFGRFLSKIRRFRPKFTITIQGSGRFG,1
ALL011753,LWKALKKELSEQLSEDLTPADITVLNIIPMDKKQSSLITGI,1
ALL002154,LYIGCETDRDYPPLANKTFYLKCIDKKCEWTVTDSLSTRSGRMQKLSI,1
sp|P84210|FENR_IMPCY,LYSIASSAIGDFGFGDSKLDFAVSRGIDDIMVDLAAK,0
ALL002410,LYSSLSSIYSITLIVISIYIYIVISYCSLFMFFILYSYTCSIQ,1
sp|O19098|BCAT2_PIG,MAAAALRQIWARKFLPVPWLLCGPRRYASSS,0
sp|Q13072|BAGE1_HUMAN,MAARAVFLALSAQLLQARLMKEESPVVSWRLEPEDGTALCFIF,0
sp|P52820|RS15_HELLU,MAETAEDLAEKKKKRTFRKFTYRGVDLDQLLDMNMDQ,0
sp|P23319|PSAX_TRIV2,MAKAKTPAVANTGAKPPYTFRTAWALLLLGVNFLVAAYYFHIIQ,0
ALL001258,MAKEFGIPAAVAGTVINVVEAGGWVTTIVSILTAVGSGGLSLLAAAGRES,1
sp|P49623|RL5_SERMA,MAKLHDYYKDEVVKQLMSQFDYNSVMQVPRVEKITLNMGVGEA,0
ALL003034,MALLDLQAMDTPAEDSFGELATGSQVSLLVCEYSSLSVVLCTP,1
ALL009631,MAMPGEPRRANVMAHKLEPASLQLRNSCA,1
ALL016872,MANIVLRVGSVAYNYAPKIFKWIGEGVSYNQIIKW,1
ALL019253,MANKVSLENLLAMAVTAKEHEMSRHANKMRQLEKTEANIKKRIKELSKEG,1
ALL017256,MANLLISEKSYYEKLVEAETANEFRMVLIRLINRVVMKVKVPLEVRELFL,1
sp|B1PS81|ORF6_LOLV,MAPPTREYRCTPNYHSARHQMSSLLGLCKGGVGPQPRPWCEKTMV,0
sp|P68670|G9P_BPPHL,MARWCPPANRSASAAATCSSVVANTACMRWCKKRSQCPARRTP,0
sp|P77921|COX4_PARDE,MASHHEITDHKHGEMDIRHQQATFAGFIKGATWVSILSIAVLVFLALANS,0
sp|P58560|PSAI_NOSS1,MATAFLPSILADASFLSSIFVPVIGWVVPIATFSFLFLYIEREDVA,0
sp|Q05FP5|RL32_CARRP,MAVPKQKKSKSKSRFKKKNFLLKNKIIAKNQYNNYFIKHRCLV,0
ALL009468,MCMPCFTTDPNMANKCRDCCGGGKKCFGPQCLCNR,1
ALL012732,MDAAHLSDLDIDALEISEFLDESRLEDSEVVAKVMSASCTTCECCCSCSS,1
sp|O71191|MVP2_GLRV3,MDDFKQAILLLVVDFVFVIILLLVLTFVVPRLQQSSTINTGLRTV,0
ALL013701,MDFKEVDINIEEWEMVEIPFYTEEELTYRLNNGLPITKSELEEQESKK,1
sp|P64756|ARFB_MYCBO,MDFVIQWSCYLLAFLGGSAVAWVVVTLSIKRASRDEGAAEAPSAAETGAQ,0
sp|B2J1B5|PSBY_NOSP7,MDIDYRIAIVLAPVVIAASWAVFNIGAAALRQIQGFLDREA,0
ALL003771,MDKIIKFQGISDDQLNAVIGGKKKKQSWYAAAGDAIVSFGEGFLNAW,1
sp|O55714|083L_IIV6,MDNEIIIIVIVIIIFFFYLKQKKLTNCETQVVKVQKDIDEINLKLKKLNK,0
ALL010722,MDNKVAKNVEVKKGSIKATFKAAVLKSKTKVDIGGSRQGCVA,1
sp|P33391|HMC4_DESVH,MDQAIYTLHEFMLHTKNWTYILMGVTLLVYVGYWLFLTGRDEKIRKY,0
sp|P34069|MFM2_SCHPO,MDSIATNTHSSSIVNAYNNNPTDVVKTQNIKNYTPKVPYMCVIA,0
ALL011409,MDSNKDERAYAQWVIIILHNVGSSPFKIANLGLSWGKLYADGNKDKEVYP,1
sp|P73676|PSBY_SYNY3,MDWRVIVVVSPLLIAATWAAINIGAAAIRQLQDVLGREA,0
sp|Q8DKM3|PSBY_THEEB,MDWRVLVVLLPVLLAAGWAVRNILPYAVKQVQKLLQKAKAA,0
ALL013200,MDYQVSSPIYDINYYTSEPCQKINVK,1
sp|A1EA35|PSBT_AGRST,MEALVYTFLLVSTLGIIFFAIFFREPPKVPPTPTKRIK,0
sp|Q96627|CAP6_ADEB2,MEGINFSALAPRYGSRPMLSSWSDIGTSSMNGGAFNWGSLWSG,0
ALL018298,MEINKAYERLLKEVELLQNDLMDIEDYSEEVYQAFQKVIDELEYVIEEG,1
sp|Q9ZI43|RL16_AQUPY,MEKAEKGNPKGKAFRGNKLAFGEYGIQALDRAWITQQQIEAVRVALVRS,0
ALL011123,MEKVLDLDVQVKGNNNTNDSAGDERITSHLFCSFGCEKTGSFNSFCC,1
sp|A0T0A7|PETM_PHATC,MELIKQIFPFANSEIITAAVVCFSMTLFGLSLGFGLLKVQGE,0
ALL010611,MEMVLELQELDAPNELAYGDPSHGGGSNLSLLASCANSTVSLLTCH,1
ALL002686,MEQITLTKEELKEIIAKEVREAINGKKPISSGSNFQQSKNQP,1
ALL002667,METPVVQPRDWTCWSCLVCAACSVELLNLVTAATGASTAS,1
ALL004888,MEVLNKQNVNIIPESEEVGGWVACVGACGTVCLASGGVGTEFAAASYFL,1
sp|Q0G9W8|PSBM_DAUCA,MEVNILAFIATALFILVPTAFLLIIYVKTETQNKNKKD,0
ALL017973,MEWYPEAAANAERYTQIVWYK,1
sp|P84341|PHCB_LIMFS,MFDAFTLVVSQADTRGEMLSTAQIDALSQMVAESNKYLDAVNYIT,0
sp|C7J4U3|OST4A_ORYSJ,MFDDQDLGFFANFLGIFIFVLVIAYHFVMADPKYEGN,0
ALL008313,MFDTNSTRLPIWGIGCNPWTAEHVDQTLVSGNDIC,1
ALL015655,MFKEYNYCGQCRVNYINCHCPTHYPERNKDDHHL,1
ALL009265,MFKILNDIKTSLKNHPWGWKEHLPYLLMLTLSLVALIFGVLSAIL,1
ALL019505,MFKLLTLFKRNKITSAEEYYTQAIHICEQFDRSTQKYTSM,1
sp|G2TRP7|TOM5_SCHPO,MFSGAGRPSKEQIKQYDNLAVGEMKKGASVAAVLLLTPFVISFFQKMRA,0
ALL008784,MFSPILSLEIILALATLQSVFAQPVICTTVGSAAEGS,1
sp|Q06JG4|16D10_MELHA,MFTNSIKNLIIYLMPLMVTLMLLSVSFVDAGKKPSGPNPGGNN,0
sp|P20204|B49_SSV1,MGCAKSELLILLEYIDRECKDYESCKRIIVELEERVKKIAFVEAINDLF,0
sp|Q81AF5|SSPO_BACCR,MGKRKANHTISGMNAASAQGQGTGYNEEFANEPFTPAERQNNKKRKKNQ,0
ALL011363,MGPAVVFDCMTADFLNDDPNNAELSSLEMEELESWGAWSDDTDQSV,1
ALL015202,MGYILPALSQQTCCVRPWCDGACDCCVDS,1
ALL018981,MHIETVTTCIYDSDCPEDMCYPPKKSFCSTFEILSIERKVGVCECI,1
ALL011120,MIGDFILWFKQAWKETFCIHDYTVKGVYKTLDNHGYLKCKKCGRIK,1
ALL015452,MIHLTKQNTMEALHFIKQFYDMFFILNFNV,1
ALL019722,MIKHFGGIEEAEAAIASGKAVYGKPTVPKGYILGTDIKGMYVLHKE,1
ALL003529,MIKQILRLLFLLAMYELGKYVTEQVYIMMTANDDVEAPSDFAKIRAEVSW,1
sp|P59909|PSBY_PROMM,MILIVLLPILLAATWAFINIRGAALKQQGLGLVSKNKG,0
ALL019328,MILTNYKNLKGRYINMKAKVLNKTKVITGKVRASYAHIF,1
sp|P17227|PSAI_PEA,MINLPSLFVPLVGLLFPAVAMASLFLHVEKRLLFSTKKIN,0
ALL008718,MIPEGTYLKDSSGLNHYFIEGHIVGVRTGVRGYQTVVWDKELDKNV,1
ALL010232,MIRIAMKALNCFKVSGLKCWSFNSPRGQESPCPG,1
ALL014515,MISMLRCTFFFLSVILITSYFVTPTMSIKCNCKRHVIKPHICRKICGKNG,1
ALL013339,MISSHQKTLTDKELALISGGKTHYPTNAWKSLWKGFWESLRYTDGF,1
sp|Q54V54|OST4_DICDI,MITDTQLTLLSNTLGATIFLLIVYYHYVATKTVTAAKKDN,0
sp|Q09020|PR4_PHAVU,MIYDVNSPLFRSFLSQKGGSSDKRKTEEQKPKEHRPKASENKPIMTE,0
sp|Q9SKE0|SDH8_ARATH,MIYRKWSLLSGPPVILGGAVIAAVAVGFVLQNVTKGEQKKNVSTNK,0
ALL009034,MKAIMVLFYVMTLTIIGSFSMVSGSPGQNDYVNPKLQFACDLLQKAKERQ,1
sp|P06841|PRTZ2_SCYCA,MKCGRKRRRRRRHACKRKKRACKQRSSTIVRAHLVHRRRAARRCP,0
ALL001301,MKDGYKSLSDDDLLKVGVNKFKGFMQTMGTASKKSV,1
sp|Q44558|PSD_AZOVI,MKDRLFLLGQHLLPHHLLSRAAGRLAECRVPWVKNSLIKAFARHFQVD,0
ALL007283,MKDTVTISKSEYERLLKAEAFLEALEEAGVDNWEGYAMAFF,1
ALL003930,MKFLSLAFVLGLLALANATPLNPGNVIINGDCRVCNVRA,1
sp|P13570|BFR_NITWI,MKGDPKVIDYLNKALRHELTAINQYWLHYRLLDNWGIKDLAKKWRAESIE,0
sp|P50353|NODB_BRASN,MKHSDNLRSVRSEYADADGSRCVYLTFDDGPNPLCTPPDI,0
ALL013527,MKKAKAIFLFILIVSGFLLVACQANYIRDVQGGTVAPSSSSELTGIAVQ,1
ALL013976,MKKEITNNETVKNLEFKGLLDESQKLAKVNDLWYFVKSKENRWILGSGH,1
sp|Q7WY66|SSPL_BACSU,MKKKDKGRLTGGVTPQGDLEGNTHNDPKTELEERAKKSNTKR,0
ALL015487,MKKKVVKKTVLKEKELTKVVGGKKAPISGYVGRGLWENLSNIFKHHK,1
ALL004074,MKKLAVILTLVGGLYFAFKKYQERVNQAPNIEY,1
ALL005881,MKKTAIAIAVALAGFATVAQAKGLKKLLKGLKKLLKLHHHHHH,1
sp|P00863|DCHS_MICSP,MKKTDKILKEIGIQRVAIMEGKKYSKGFMEDGDIGVQY,0
sp|P0DOE2|AIMP_BPPHT,MKKVFFGLVILTALAISFVAGQQSVSTASASDEVTVASAIRGA,0
sp|Q91FC5|400R_IIV6,MKLLNFILIIFNALKSRHLIRCLDSKCHKLFPLLEVNKSTTSL,0
ALL013108,MKLSFRARAYGFRGPGPQL,1
ALL005666,MKNTEKLEQFKEVTEAELQEIRGGDKRLPYFFKHLFSNRTK,1
ALL015972,MKQFDEQKMVNMSDEELLGFIGGDSIRDVSPTFNKIRRWFDGLFK,1
ALL007625,MKRTTKLGVSALLVSLFALFVGKKLDDEVNKDDASDDRGVGPLD,1
sp|O32025|PHRE_BACSU,MKSKLFISLSAVLIGLAFFGSMYNGEMKEASRNVTLAPTHEFLV,0
ALL000922,MLAEIKGLNEECGVFGIWGHEEAPQITYYGLHSLQHRGQEGAGN,1
sp|A8G2R3|PSBI_PROM2,MLALKISVYTIVFFFVGIFLFGFLASDPTRTPNRKDLESPQD,0
ALL011879,MLALLKSLERRCLMITISTMLQFGLFLIALIGLVIKLIELSNKK,1
sp|P0AAX0|ACRZ_ECOL6,MLELLKSLVFAVIMVPVVMAIILGLIYGLGEVFNIFSGVGKKDQPGQNH,0
sp|Q0IA94|PETN_SYNS3,MLFTIAWASLAAVFSFSIAMVVWGRNGDGTLNF,0
ALL017312,MLKLISPTFEDIKTWYQLKEYSKEDIAWYVDMEVIDK,1
ALL014394,MLLAIAFLASVCVSSKRKRAVKRVGRRLKKLARKIARLGVAF,1
sp|A9BEK7|PSBY_PROM4,MLNLIVVVLPILAAVTWVVFNIQKPAREQLARQFDENNKAF,0
sp|P22100|LPW_VIBPA,MLQEFNQNQKAKVAVCLNKTNSTDLAWWRTWTSSWWANVYF,0
ALL004422,MLQKFRIAKEKNKLKLKLLKHASYCLERNNNPELLRAVAELLKKVS,1
ALL008053,MLREIWDLNYTFKTRGKLMEKLIDRGVGLDGEFLKYLVD,1
sp|Q9XJS7|GPB_BPPM2,MLTIYIMLNNYKSVILSPFPCCVLKSYLTVIYISFL,0
ALL014523,MMNGLKRLMKAKRYKKEVKEIITMQKKAINELETLNKNLKLINQNY,1
ALL007366,MNDSNQGLQANPQYTIHYLSQEITRLTQENAMLKAYIQEQNEKSKSAEEE,1
sp|Q3LZX6|NS7B_BCHK3,MNELTLIDFYLCFLAFLLFLVLIMLLIFWFSLEIQDIEEPCNKV,0
ALL011537,MNFQQRLQSLWTLARPFCPPLLATASQMQMVVLPCLGFTLLLWSQVSG,1
sp|Q04938|PTSB_LACLL,MNHKQVAERILNAVGRDNIQGARHCATRLRLVLKDTGVID,0
sp|P0DKJ2|P319A_ARATH,MNIHTYHHLLFPSLVFHQSSDVPNALSLHIHTYEYIIVVIDPFRITLAFR,0
ALL019600,MNRKVDVDGTSQGIVYGYHEGKEGETEFFKKSIRWIHGQ,1
ALL017501,MNVESRNSEKAWNRAIVKAEQEAAKKKMERLAKMRAKSKRK,1
ALL000932,MPFLFCNVNDVCNFASRNDYSCNYYSNSYSFWLASLNPER,1
ALL010307,MPKARPVNHNKKKSKITIKSNFTLFYMFNP,1
sp|P0C2R8|NS48_CVBOK,MPMATTIDGTDYTNIMPITVFTTVYLGVFIGIDTSTTGFTCFSRY,0
sp|A0A2K4Z9G8|COMPA_BACSU,MPNWLKKQMQKAFLEKDNYQIKLLNQCWYFYRKKHCS,0
ALL011551,MPRVRSLFQRQKRTEPGLEEVGEIEQKQLQ,1
sp|P0DKJ1|P164A_ARATH,MPSWHGMVLLPYVKHTHASTHTHTHNIYGCACELVFH,0
ALL015127,MPTEERVRKRKESNRESARRSRYRKAAHLK,1
sp|P23168|36020_ASFB7,MPTPLSLQALAKKVLATQHISKDHLYFEILWFMVAFFDAYSL,0
sp|Q5N554|PSBL_SYNP6,MPTRSTNPNKQPVELNRTSLFLGLLLVFVLGILSPATSLTS,0
sp|P15903|ORF12_SPV1R,MPTWLTTIFSVVIVLAIFLYFGLLIYQKIRQIRGKKKDKKEIERKESNK,0
sp|B3EWP2|HYAL_CRODU,MQAKAPMYPNEPFLVFWNAPTTQCRLRYKVDLDLNTFHIVTNAR,0
sp|P54621|BUK_GEOSE,MQEQKFRILTINPGSTSTKIGVFENERAIVEKTIRHEGRCFGNIKR,0
sp|P12321|TRPD_SERMA,MQPILEKLYRAESMSQQESQQLFSAIVRGELEPSQLAA,0
sp|Q7V340|PSBN_PROMP,MQTLSSAPDPAVSVAVTILAVLLALTGFGLWTAFGPKAAKLTDPWDDHDD,0
sp|Q3E808|DGR1_YEAST,MQVGFVSQTNCRSFPACIVFLFQMSQRQRSFNANLRVFKSKCKKIYIG,0
ALL012225,MRKWFHNVLSSGQLLADKWPAWDYNRK,1
ALL021166,MRRALDGPGSSSLDTRQADKRQVRFRQCYFNPISCFRK,1
sp|P11340|J_SPV4,MRRKVKNTKRHQWRLTHSARSIKRANIMPSNPRGGRRF,0
sp|P0ADF5|LPRH_SHIFL,MRSEQISGSSLNPSCRFSSAYSPVTRQRKDMSR,0
sp|Q02593|BAP12_SCHCO,MRSRASAEGIAVLGLRRRGESPVCRRRNVVVCFWGDRSCVEREGCVRG,0
ALL006164,MRVNITLEHKESGERLYLTSKNKRNTPDRLQLKKYSPKLRKHVVFTEVK,1
sp|P03055|LPW_SERMA,MRVNKESLQMNTYISLHGWWRTSLLRAV,0
ALL003705,MSAEALADPKADPLAGPNPDADPEAINLKAIAALAKKLLG,1
sp|P0CY15|MATMI_SCHPO,MSAEDLFTIQILCDQIELKLASIVINSNIKLQLKRKKKTQQL,0
ALL015495,MSDINATRLPLFFPPDFRPPCVGDADNFTLTRGENLC,1
ALL005047,MSDKPDMAEIEKFDKSKLKKTETQEKNPLPSKETIEQEKQAGES,1
ALL009977,MSDVIIPFLTSAVTAFIVAYLLDRWYIKRRR,1
sp|P69592|J_BPPHS,MSKGKKRSGARPGRPQPLRGTKGKRKGARLWYVGGQQF,0
sp|Q88424|ORF13_SPV1C,MSLYDYWVQFVSYIIGANAPEFLYVISFVLFIVLFFGMFFKLIQKMWSF,0
sp|Q6GZU6|030R_FRG3G,MSLYLLLGLKILRYLKMVIVLRCHSAFLLSVKFLREKRRLKMYLGIMLGF,0
sp|P48272|PSBY_CYAPA,MSMRLVVVLLPLGIALGWAVYNIGKLAIEQWRRTGSKV,0
sp|P12229|PSBJ_EUGGR,MSNSENTGRIPLWLVLTIIGLAAIALLALFFYGSYSGLGSSL,0
ALL007027,MSPEEIRRRLDTITERIANAVMIVNLIKEKSK,1
sp|P0C5K6|CT18_HUMAN,MSPPSSMCSPVPLLAAASGQNRMTQGQHFLQKV,0
ALL002767,MSSQTTFGWSLFTSGIVTLVLKALPGDSLWWGLMLLAVGLVLLYYR,1
ALL013827,MSVEIKGIPEVLKKLESVYGKQSMQAKSDRALNEASEFFYKGFKERIREF,1
ALL007331,MSWLNFLKYIAKYGKKAVSAAWKYKGKVLEWLNVGPTLEWVWQKLKKIAG,1
sp|B1WU77|PETM_CROS5,MTAESMMFNGAVILMVLVLFGLAWGFLILKIQGGEAE,0
ALL014888,MTCHQAPTTTHQSNMA,1
sp|B8HRF1|PSAI_CYAP4,MTGSYAASFLPWIMIPVTCWLFPVVVMGLLFIYIESDAPST,0
ALL016963,MTIEQINAEVKQQEMLGNKLEVIQLGNDIYMYINGEPYKTIELI,1
ALL006947,MTKKNLKPQQAAPVQREINTTSSESGTSTGLTPHQAYLGIPLPFAGDDAE,1
ALL001063,MTMGCTHPGGACAGHHHCCSQSCNTAANSCN,1
sp|A5GNP1|PSBX_SYNPW,MTPSLANFLSSLVWGAVIVVVPASIGLFFLSQTDRVDRKL,0
sp|Q4G3D8|PSBX_EMIHU,MTPSLSAFLSSVILAVVVIVVPISAALVFVSTTDKIVRS,0
ALL015086,MTQFLGALLLTGVLGYIPYKYLTMIGLVSEKKQGYQYSCIIDFFLLKHV,1
ALL003260,MTQIKVPTALIASVHGEGQHLFEPMAARCTCTTIISSSSTF,1
ALL011290,MTTFLGNPVTFTGSQLQVGDTAHDFSLTTPNLEKKSLADFAGKKKVLSVI,1
sp|P59283|RPOP_METJA,MVEYKCLNCKKIIKLEELGKRARCPHCSYKILVKLRPKVVKHVKAR,0
sp|Q9T0V1|REPEB_BPT4,MVIFQLEYPLHHLVLFEVDADQPHEHEHDLILMGPFYLQQHRQTN,0
ALL007155,MVKRTYQPNKRKHSKVHGFRKRMSTKNGRKVLARRRRKGRKVLSA,1
sp|Q0H8Z2|IEND2_USTMA,MVLNDKVYENISPQTLACWFMDDGGMNGSHSHGLQFRVSVILK,0
sp|P55823|EF2_RABIT,MVNFTVDQISAIMDKKANISNMSVIARVDDGKSTL,0
sp|P27387|PKG20_BPPRD,MVNWELLKNPINWLIVILMLTIAGMAATLVCNHFGKNAVTSE,0
sp|P0AD84|LPPY_ECOL6,MVQCVRHFVLPRLKKDAGLPFFFPLITHSQPLNRGAFFCPGVRR,0
ALL011849,MVRLLAKLLRSTIHGSNGVSLDAVSSTHGTPGFQTPDARVISRFGFN,1
ALL006573,MVRRFLVTLRIRRACGPPRVRVFVVHIPRLTGEWAAP,1
ALL020302,MVSAAKVALKVGWGLVKKYYTKVMQFIG,1
ALL003216,MYPYLSMLYASYVIKDPENYPLEKVPALIREDVEKIVEEMAKKNEKQG,1
sp|P80883|PETM_SPIOL,NAAAEIFRIAAVMNGLTLVGVAIGFVLLRIEATVEE,0
sp|P86830|AAE_RAUVE,NALFILGNIGNNDVNYAFPDRAIEEIRFYVPFITEAVANATREIIR,0
ALL003225,NDRIVYHGCYSDDQCPNECPAILMRCIHSLCVEFIKTDPLFI,1
ALL008793,NDTEYTDCLQHSDCQAYACELPFKPDCLMVEYAPQFFRLACGCV,1
ALL008122,NEYHGFVDKANNENKRKKQQGRDDFVVKPNNFANRRRKDDYNENYYDDVD,1
ALL019894,NHTFEVENSTLNGMDLIERQIKILYAMILQTHADVQ,1
ALL012572,NIFEYFLEGGGKNLRIIRKGIHIIKKY,1
ALL004224,NIIDVPCRPCYYRDSSGNCVYDQLGCGA,1
ALL000796,NIMNCQSTFDCPRDMCSHIRDVICIFKKCKCAGGRYMPQVP,1
ALL011186,NKNPMNPMNKNPMNPMNKNPMNPMNKNPMNPM,1
ALL013380,NKNSPENSPENKNSPENSPENKNSPENSPENKNSPENSPE,1
sp|Q48433|ARAA_KLEPN,NLDDMRQFAELHDIELTVIDNDTRLPSFKDALRWNEVYYGSKR,0
ALL009424,NLIQFSNMIQLDRCCETHDNEAEKKGCYPKLTLY,1
ALL002281,NLLQFNKMIKVETGKNAIPFYAF,1
ALL005383,NLPIVERPVCKDSTRIRITDNMFCAGYKPDEGKRGDACEGDSGGPFVMKS,1
ALL015122,NLVQFELLIMKVAKRSGLLSYSA,1
ALL009985,NLYQFKNMIECAGTRTWIAYVKYGAYTYAYT,1
ALL016443,NPVLVKDATGSTQFGPVQALGAQYSMWKLK,1
ALL005524,NSASLISSWVDNTNFCCCSHDCATICDDCF,1
ALL017304,NSVHISHQEARGPSFKICVGFLGPRWARGCSTGN,1
ALL007580,NTEEGCLPPLSLCTMADDECCHDCILFLCLVSP,1
ALL019679,NTMRETMDFLKSLFPHASEVVKP,1
ALL011728,NVDFNSESTRRKKKQKEIVDLHNSLRRRVSPTA,1
sp|P47839|RS7_SALSA,NWSSLIFSLNLQRRILPKPTRKSRIKNKQKRPRSRTLTAVHDAI,0
ALL000583,NYLHDTVGRLWGPSRAGLLDGLDWMVGDVQSR,1
ALL016468,PAICQRATATLGTVGSNTSGTTEIEAAILL,1
ALL010703,PDKDFIVNPSDLVLDNKAALRDYLRQINEYFAIIGRPRF,1
sp|P01251|THPS_BOVIN,PEFLEDPSVLTKEKLKSELVANNVTLPAGEQRKEVYVELYLQHLTALKR,0
sp|P86979|ALDOA_THUAL,PHAFPFLTPEQKKELSDIAHKIVAPGKGILAADESTG,0
ALL018818,PKDGPSPGGTLMDLSERQEVSSVRSLSST,1
ALL013400,PKKKRKVAGYLLGKINLKALAALAKKIPQMQQNVFQYPGAGMVPQGEANF,1
ALL020090,PKKKRKVRRRRRRRYSQTSHKLVQLLTTAEQQ,1
ALL014847,PLLVLQAGFFLLTRILTIPQSLDSWWTSLNFLGGTTVCLGQNSQSP,1
ALL005292,PRIKCNTEADCPQRFDNIVECLFGICHFYIK,1
sp|P83181|POA1_KALTU,PTITIGGPEYRTIFFDAYLGTSYVIVIKEPAEEFTTISDAVK,0
sp|P83722|NU160_XENLA,PVNIYVIMADQGPAHLPVSLAVHTDMLEYVPVSKDEYFQKLKKA,0
ALL018633,PYRPLPDCCRQKTCSCRLYELLHGAGNHAAGILTL,1
ALL006379,QAFQTFKPDWNKIRYDAMKMQTSLGQMKKRFN,1
ALL002987,QAQALLPIASYAGLTVSAPVFAALVTVYGAYALYRYNIRRRENSYPRIR,1
ALL000299,QCADLGEECHTRFCCPGLRCEDLQVPTCLMA,1
ALL004435,QDEGSEATGFLPAAGEKTSGPLGNLAEELNGYSRKKGGFSFRF,1
ALL001997,QDKCKKVYENYPVSKCQLANQCNYDCKLDKHARSGECFYDEKRNLQCICD,1
ALL017949,QEFDALLERAKTLLNVHSDQYDDSIRQIVVK,1
ALL020561,QEIENGIHPCKKNEDCNHMCVMPGLPWCHENNLCFCYENAYGNTR,1
ALL004393,QFTNVSCTTSKECWSVCEKLYNTSRGKCMNKKCRCYS,1
ALL011652,QHSTDYDEEEEDRAKLHLDAR,1
ALL020319,QKDLKVFTCQRDEDCKVACATYGGDPWCFRNVCFCKHYNEGGTLHAELH,1
ALL002707,QKELVPSKTTTCCGYSPGTMCPSCMCTNTCPPQK,1
ALL005432,QMIVIELGTNPLKSSGIENGAFQGMK,1
ALL007284,QNAEEAAAAVAIPEASEKAQEGPVYSED,1
ALL009452,QRSVSNAATRVSRTGRSRWRDVSRNFMRRYQSRVIQGLV,1
ALL020905,QSAEEAAAFQAGEVTASLMLIMFKACPCMGPVPSV,1
ALL007336,QSLANATAAQQNVLEATYAMVQHVAKGVRILEARVA,1
ALL018856,QTQYTDAPSFSDIPNPIGSENSEKTTMPLW,1
ALL004785,QVKPCRKEHQLCDLIFQNCCRGWYCVVLSCT,1
ALL014724,QWPFQQWAPCTGHWDCPGDRCCFAGYCLETTPSCD,1
ALL000233,RAAPYGVRLCGREFIRAVIFTCGGSRW,1
ALL012149,RCGQQLRNISPPQRCPSLRQAVQLTHQQQGQ,1
ALL020351,RHHLRHLRRHLRHLLRHLRHHLRHLRRHLRHLL,1
ALL018429,RHNHRFNFRFFFNFRFNTRTN,1
sp|P83451|ASPG_ASOTA,RIIEPIAGGPFIVMTWNYPGTIGIIAVDANGHIAVGTSTN,0
ALL015285,RKGGPPGGRTYIPCISDDDCIVAQPPYVLLCVNNFCTYFKDDDLPQR,1
ALL009274,RKKRRRESWVHLPPPVHLPPPGGHHHHHH,1
ALL003055,RLCVTSNVALAKCHMMSVFAFSR,1
ALL000143,RLRLRLRLRLRLRLRLKNNKNNKNNKNNKKKKKKKGYK,1
ALL000695,RMKQIEDKIEEILSKQYHIENEIARIKKLIGER,1
ALL003040,RNKTCNYSSECLFHNCPLGWVMKCFTYFCACSRL,1
ALL015891,RPEIKKKNVFSKPGYCPEYRVPCPFVLIPKCRRDKGCKDALKCCFFYCQM,1
ALL014112,RQGCKIDYDCIKVVCKDGHAARCIMRRCECVEILNPIDLGST,1
ALL020542,RQIKIWFQNRRMKWKKTYADFIASGRTGRRNAI,1
ALL004038,RRPKGRGKRRREKQRPTDCHLCGDAVPRR,1
ALL005621,RRQRRTSKLMKRRRWVRRVRRVWRVVRVVRRWVRR,1
ALL016353,RRRQRRKRGGDIMGEWGNEIFGAIAGFLG,1
ALL014339,RRRRRRRRHPTESGSTVTTQNSAAQTMS,1
ALL009321,RRRRRRRRSLVSSDESSSGSSHSSGEHS,1
ALL011026,RRVSRRFMRRSGSGSGSGQQMVQQSGQQFS,1
ALL021228,RSAQGMGKMERLLASYRGALEPSTPLGDLSGSLGHPVE,1
ALL006451,RSIRAQRHTDMPKTQKEVHLKNTSRGSAGNKTYRM,1
ALL002018,RSKRCLVYGTPCDWLTIAGMECCSKKCFMMCW,1
ALL011527,RSLPEVLRARTVESSQEQTHSAPASPAHQDISRVSRL,1
ALL001666,RSNFDEKPKYRIERCERVRGFCKTFCDDDEYDYGYCVRWRKQCCI,1
ALL011781,RTVGGMATHWTCACPTPHDEERVNNPVDK,1
ALL009928,RVGPCDQVCSRIDAEKDECCRAHGYSGYNSCRGGRMDC,1
ALL010667,RVSEEWMDGFIRMCGREYARELIKICGASVGRLAL,1
ALL003854,RVTLSSKPQALATPNKEEHGKRKKKGKGLGKKRDPCLRKYKDFCIHGECK,1
ALL018639,SAFTVWSGPGCNNRAERYSKCGCSAIHQKGGYDFSYTGQTAALYNQAGCS,1
ALL018285,SANSNPAMAPRERKAGCKNFFWKTFTSC,1
ALL009188,SASRALSDKPLAHVVANPQVEGQLQWL,1
sp|P85122|SLAP1_BACHU,SATVELYSNLAAKGLAVEFTSTSLKAALLNILSVDGVPATTAK,0
ALL020495,SDECVKVSDCSPTKYCLPGRRMICSKGKCKCLRNMFIPIPE,1
ALL002452,SDGRNAARKAFGCCDLIPCLERYGNRCNEVH,1
ALL002048,SEALAVDGAGKPGAEEAQDPEGKGEQEHSQQKEEEEEMAVVPQGLFRG,1
ALL014220,SEFIFTKKLTSCDSSKDCRSFLCYSPKFPVCKRGICECI,1
ALL012713,SEGTSCYIYHGVYGICKAKCAEDMKAMAGMGVCEGDLCCYKTPW,1
ALL008562,SETDSRKEGRMGQKNAVIRQWCENDCNYAPK,1
ALL001271,SGKSFKAGVCPPKKSAQCLRYKKPECQSDWQCPGKKR,1
ALL003147,SGSKTANIGDGCFGVPIDHIGSTSGMGCGSPRPKPTPGGS,1
ALL013886,SGSWLRDDWDWECTVLTDDKTWLQSKLDYKD,1
sp|P05395|RL7_SALCS,SITNEQILDAIADMSVMQVVELIEAMEEKFGVSAAAAV,0
ALL008198,SKFELVNYASGCSCGADCKCASETECKCASKK,1
ALL014599,SLALAGTIIEGASLTFSVLTTILDALGSVSRKIDVGVYNE,1
ALL011080,SLIEFGKMITEETNRPVFPYEATIVVCDCGNGNGS,1
ALL004563,SLPDAPPCLFTPECPPDMCPTDLTLKCINLSCQCTIEYDIDPDVVPS,1
sp|P83678|PHAP_DELAC,SLTPDQILSAQKANLETLFGLTSKAFEGVEKLVELNVTASRAALTE,0
ALL002649,SNFDCCLGYTDRILHPKFIVGFTRQLANEGCDINAIIFHTKKKLSVCANP,1
ALL006391,SNGRNAAADDKPSDWIALAIKQCCANPPCKHVNCR,1
sp|P56618|DIUH1_TENMO,SPTISITAPIDVLRKTWEQERARKQMVKNREFLNSLN,0
ALL005896,SQEPPISLDLTFHLLREVLEMTKADQLAQQAHNNRKLLDIA,1
ALL003346,SQGSTLRVQQRPQNSKVTHISSCFGHKIDRIGSVSRLGCNALKLL,1
ALL017548,SQGVVESMNKELPKIIGQVRDQAEHLKTAY,1
ALL001111,SQKGVYASQRSFVPSWFRKIFRN,1
ALL000271,SRCFPPGIYCTPYLPCCWGICCDTCRNVCHLRI,1
ALL013566,SRTVRKTSRLWSSLSLNTCNNVHSKS,1
ALL006308,SSESFTLLEQWNNWKLQLAEQWLEQINEKHYLEDIS,1
ALL013042,SSRRCVRLHESCLGQQVPCCDPCATCYCRFFNAFCYCRKLGTAMNPCSRT,1
ALL004495,SVLEIGLMLQEETEKNPKTSYSI,1
sp|P20737|A2M_HOMAM,SYIITTPRMWVAGSPAQVRTYVMPYGCGEQNMVNFAPN,0
ALL001940,SYSMEHFRWGKPIGHKRRPIKVYASSLEGGDSSEGTFPLQA,1
ALL010883,TAMRAVDKLLLHLKKLFREGQFNRNFESIIICRDRT,1
ALL005136,TCRYLLVRSLQTFSQAWFTCRRCYRGNLVSIHNFNINYRI,1
ALL004138,TCSIPYEYSNGKLKRTLYYSNGVYANSFTENN,1
ALL003104,TGPQTTCQASTCEAGCKQIGKSMKSCQGDTCECA,1
ALL009016,TICTGADRPCAACCPCCPGTSCQGPESNGVVYCRNF,1
ALL020642,TICYNHLTIRSEVTEICIICDDDYYF,1
ALL006225,TKITEEEKNRLNFLKKISQRYQKFALPQYLKTVYQHQK,1
ALL005473,TKKIELKRFVDAFVKKSYENYILERELKKLIKAINEELPTK,1
ALL012937,TMCYSHTTTSRAILTNCGENSCYRKSRVHP,1
ALL000934,TNCFLYLARTAIHRALISKRMEGHCEAECLTFEVKIGGCRAELAPFCCKN,1
ALL002208,TPELFRSRSPPGRKKGSKRHKPGSYSVIALGKPGVKKSPYMEAL,1
ALL006725,TPVLASVAVSMELLPTASVLYSDVAGCFKYSAKHHC,1
ALL000163,TQAQLLRVGCVLGTCQVQNLSHRLWQLMGPAGRQDSAPVDPSSPHSY,1
ALL010359,TRCYKFGGFCHYNICPGNSRFMSNCHPENLRCCKN,1
ALL015232,TRSAWLDSGVTGSGLEGDHLSDTSTTSLELDSR,1
ALL020331,TSITLQVRLPLLTRLLNTQIYRVDSISYNIQNREWY,1
sp|Q09097|AVEF_AVESA,TTTVQYDPSEQYQPYPEQQEPFVQQQPPFVQQQQPFVQQQEPF,0
ALL015960,TTWEAWDRAIAEYAARIEALLRALQE,1
sp|P41392|MAP1_KLEOX,TVKTKDRSLSAQYEHTIVVTDNGCEILTLRKDDTIPAIISHNE,0
ALL010896,TYDAYDECQTELDCPKNIDCVYPKSMKCIDKKCICVGARMIIPRVL,1
ALL006387,TYGIYDAKPPFSCAGLRGGCVLPPNLRPKFKE,1
ALL006316,VDEECNEYCDDRNKECCGRTNGHPRCANVCF,1
ALL010044,VDKRRPIWVMLLSSYWQDGNSLGVDAIMTNYPEDVK,1
ALL011725,VDQHQKAMKPWTQPKTNAIPYVRYL,1
ALL016737,VETMYTVIYKNAVESEPALEGGSFLTDAPKTDGLKLMTFGTRVF,1
ALL003407,VGRFKRFRKKLKRLWHKVGPFVGPILHYG,1
ALL019837,VHNFNNLWVGGNGCIPDATACNPTRTSVAYALK,1
ALL008566,VHRQFENRDHTVYVLWNKEQVNTFIRMVGGTFGD,1
ALL012300,VIEPKCYKYEGKKCPPDINPVCGTDKRTYYNECALCVFIRQSTKKADKAI,1
ALL005900,VKIIQRILQVRYPANPQNVEVAVNSKSATVSAE,1
ALL001124,VKRALSALKPKNKRFIGGIISFFKRLFG,1
ALL008504,VLGKGVSKETEKALEKYVHYSEENSRIMEKVRLNSGQISEDKAKKTFEN,1
ALL003186,VLKNKVYAGHVWSYTGREFEKGSPLASKKPIKKVFGG,1
ALL001445,VLPFPAIPLSRRRACVAAPRPRSRQRAS,1
ALL002125,VMGTVKDLLIGAGKSAAQSVLKSLSCKISNDC,1
ALL010013,VNDCIRIHCKDDFDCIENRLQVGCRLQREKPRCVNLVCRCLRR,1
sp|P81669|BGAL_PINPS,VNIGVNYGMLGNSYPTGPETERHFGLNPDTLHVVRHAQGFHNLA,0
ALL015491,VNINILQQIGYIKQQVRQLSYYS,1
ALL016977,VQETQKLAKTVGANLEETNKKLAPQIKSAYDDFVKQAQEVQKKLHEAASK,1
sp|P35987|CAPSP_ADECU,VQTSHQSNKAMEHVKQIPSLGVVVPRVLSSKTF,0
ALL000656,VRCLEKSGAQPNKLFRPPCCQKGPSFARHSRCVYYTQSRE,1
ALL014395,VRIWFCASRTCSAPADCNPCTCESGVCVDWL,1
ALL020523,VRTEEVGSFDSPVGEHQQPGGESMHLP,1
ALL013372,VSAPNNIFHKGMRVIVTKADRDDVRLGLHGDTIATVVGVH,1
ALL016702,VSDRLRWCVPSGEVCRRYEFVGCCSGKCFFVCS,1
ALL020306,VSEACEESCEEEEKHCCHENNGVYTCLRYCW,1
ALL014873,VSKLAQSCSEDFECYIKNPHAPFGQLRCFEGYCQRLDKPT,1
ALL008155,VSWGEGCDRDGKYGFYTHVFRLKKWIQKVIDQFGE,1
ALL007527,VTLSLDVPTNIMNILFNIAKAKNLRAKAAANAHLMAQI,1
ALL011016,VTVVQYRSTNASSGYLNLRVYLLDTGLR,1
ALL012764,VYPFPGPIHNSLPQNIPPLTQT,1
ALL004383,WASRELERFAVNPGLLETSEGCRQIL,1
ALL020094,WATIDECEETCNVTFKTCCGPPGDWQCVEACPV,1
ALL014668,WFGHEECTYWLGPCEVDDTCCSASCESKFCGLW,1
ALL003989,WFSRTVHNVGNAVRKGIHAGQGVCSGLGL,1
ALL014009,WKRLWPARILAGHSRRRMRWMVVWRYFAAT,1
ALL013933,WLNALLHHGLNCAKGVLAWLNALLHHGLNCAKGVLA,1
ALL005991,WNPFKKIANRNCYPKTTCETAGGKKTCKDFSCCQIVLFGKKTRAKCTVVT,1
ALL019801,WSTIVKLTICPTLKSMAKKCEGSIATMIKKKCDK,1
ALL001958,WVPAFCQAVGWGDPITHWSH,1
ALL009901,WYKHVASPRYHTVGRASGLLMGLRRSPYLW,1
ALL010974,YAEGTFISDYSIAMDKIRQQDFVNWLLAQKGKKSDWKHNITQ,1
sp|P04126|LHG_BLAVI,YFAADGSVVPSISDWNLWVPLGILGIPTIWIALTYR,0
ALL007934,YGGFLRRIRPKLKWDNQKRYGGFLRRQFKVVT,1
ALL009973,YGGFMKSWDERSQKPLLTLFKNVINKEHQKKDQ,1
ALL016466,YGNFPTCSETGEDCSAMHCCRSMTCRNNICAD,1
ALL019455,YGRKKRRQRRRDPYHATSGALSPAKDCGSQKYAYFNGCSSPTLSPMSP,1
ALL005738,YKCNIDVDCPITPSPKFKWKCINKRCLYIRFDEIWTSDPRE,1
ALL021050,YLAFRCGRYSPCLDDGPNVNLYSCCSFYNCHKCLARLENCPKGLHYNAYL,1
ALL001694,YLCAGRNDCIIAIKFEEKTAQHAAIENVFRLE,1
sp|C0HLL7|GST_LACPN,YLFVMTNRMKLLNYSFEGLPNLKKLDEIMRQHPAVKRVLEQEGAPHTLTD,0
ALL001527,YQNPRLGPTGELDPATQPIVAVHNPVIV,1
ALL000609,YRQSMNQGSRSTGCRFGTCTMQKLAHQIYQFTDKDKDGMAPRNKISPQGY,1
ALL002007,YSELTNIFGDNIGSLQEKGIKLQGIASLYRTNITEI,1
ALL009823,YTSVITIELSNIKENKCNGTDAKVKLIKQELDKYKNAVTELQLLMQST,1
sp|O18851|AOFA_SHEEP,YVISAIPPTLTSKIHFRPELPSERNQLIQRLPMGAIIKCMMYYKEA,0
ALL011306,YVWCETVEDCFKSQYFIFDCINNQCINVGKNPKEPRYPGIPRDQ,1
ALL015195,YYYKCFKDSDCVKLLCRIPLRPKCMYRHICKCKVVLTQNNYVLT,1
